{
  "schema_version": "1.5.0",
  "generated_at": "2026-02-09T14:11:38.423742+00:00",
  "project": "Aether",
  "config_digest": "22d342392689c48123a66d1c3a2cdc7aea9e603a2900ba836920dce12721b0c3",
  "script_version": "0.1.dev1+gc18712a77",
  "time_windows": {
    "last_30": {
      "days": 30,
      "start": "2026-01-10T14:11:38.423887+00:00",
      "end": "2026-02-09T14:11:38.423887+00:00",
      "start_timestamp": 1768054298.423887,
      "end_timestamp": 1770646298.423887
    },
    "last_90": {
      "days": 90,
      "start": "2025-11-11T14:11:38.423887+00:00",
      "end": "2026-02-09T14:11:38.423887+00:00",
      "start_timestamp": 1762870298.423887,
      "end_timestamp": 1770646298.423887
    },
    "last_365": {
      "days": 365,
      "start": "2025-02-09T14:11:38.423887+00:00",
      "end": "2026-02-09T14:11:38.423887+00:00",
      "start_timestamp": 1739110298.423887,
      "end_timestamp": 1770646298.423887
    },
    "last_3_years": {
      "days": 1095,
      "start": "2023-02-10T14:11:38.423887+00:00",
      "end": "2026-02-09T14:11:38.423887+00:00",
      "start_timestamp": 1676038298.423887,
      "end_timestamp": 1770646298.423887
    }
  },
  "repositories": [],
  "authors": [],
  "organizations": [],
  "summaries": {
    "reporting_period": {
      "window_name": "last_365",
      "days": 365
    },
    "counts": {
      "total_repositories": 0,
      "current_repositories": 0,
      "active_repositories": 0,
      "inactive_repositories": 0,
      "no_commit_repositories": 0,
      "total_commits": 0,
      "total_lines_added": 0,
      "total_authors": 0,
      "total_organizations": 0
    },
    "activity_status_distribution": {
      "current": [],
      "active": [],
      "inactive": []
    },
    "top_current_repositories": [],
    "top_active_repositories": [],
    "least_active_repositories": [],
    "all_repositories": [],
    "no_commit_repositories": [],
    "top_contributors_commits": [],
    "top_contributors_loc": [],
    "top_organizations": []
  },
  "errors": [],
  "jenkins_metadata": {
    "host": "jenkins.aetherproject.org",
    "requires_auth": true
  },
  "info_yaml": {
    "projects": [],
    "lifecycle_summary": [],
    "total_projects": 0,
    "servers": [],
    "activity_windows": {
      "current": 365,
      "active": 1095
    }
  },
  "jenkins_allocation": {
    "total_jenkins_jobs": 13,
    "allocated_jobs": 0,
    "unallocated_jobs": 13,
    "allocated_job_names": [],
    "allocation_percentage": 0.0,
    "unallocated_job_names": [
      "AetherOnRamp_Debug",
      "AetherOnRamp_OAI_22.04",
      "AetherOnRamp_OAI_24.04",
      "AetherOnRamp_QuickStart_22.04",
      "AetherOnRamp_QuickStart_24.04",
      "AetherOnRamp_QuickStart_AMP_22.04",
      "AetherOnRamp_QuickStart_AMP_24.04",
      "AetherOnRamp_SDRAN_22.04",
      "AetherOnRamp_SDRAN_24.04",
      "AetherOnRamp_UERANSIM_22.04",
      "AetherOnRamp_UPF_22.04",
      "AetherOnRamp_gNBsim_22.04",
      "AetherOnRamp_srsRAN_22.04"
    ],
    "unallocated_job_details": [
      {
        "_class": "org.jenkinsci.plugins.workflow.job.WorkflowJob",
        "name": "AetherOnRamp_Debug",
        "url": "https://jenkins.aetherproject.org/job/AetherOnRamp_Debug/",
        "buildable": true,
        "color": "blue"
      },
      {
        "_class": "org.jenkinsci.plugins.workflow.job.WorkflowJob",
        "name": "AetherOnRamp_gNBsim_22.04",
        "url": "https://jenkins.aetherproject.org/job/AetherOnRamp_gNBsim_22.04/",
        "buildable": true,
        "color": "red"
      },
      {
        "_class": "org.jenkinsci.plugins.workflow.job.WorkflowJob",
        "name": "AetherOnRamp_OAI_22.04",
        "url": "https://jenkins.aetherproject.org/job/AetherOnRamp_OAI_22.04/",
        "buildable": true,
        "color": "red"
      },
      {
        "_class": "org.jenkinsci.plugins.workflow.job.WorkflowJob",
        "name": "AetherOnRamp_OAI_24.04",
        "url": "https://jenkins.aetherproject.org/job/AetherOnRamp_OAI_24.04/",
        "buildable": true,
        "color": "red"
      },
      {
        "_class": "org.jenkinsci.plugins.workflow.job.WorkflowJob",
        "name": "AetherOnRamp_QuickStart_22.04",
        "url": "https://jenkins.aetherproject.org/job/AetherOnRamp_QuickStart_22.04/",
        "buildable": true,
        "color": "red"
      },
      {
        "_class": "org.jenkinsci.plugins.workflow.job.WorkflowJob",
        "name": "AetherOnRamp_QuickStart_24.04",
        "url": "https://jenkins.aetherproject.org/job/AetherOnRamp_QuickStart_24.04/",
        "buildable": true,
        "color": "red"
      },
      {
        "_class": "org.jenkinsci.plugins.workflow.job.WorkflowJob",
        "name": "AetherOnRamp_QuickStart_AMP_22.04",
        "url": "https://jenkins.aetherproject.org/job/AetherOnRamp_QuickStart_AMP_22.04/",
        "buildable": true,
        "color": "red"
      },
      {
        "_class": "org.jenkinsci.plugins.workflow.job.WorkflowJob",
        "name": "AetherOnRamp_QuickStart_AMP_24.04",
        "url": "https://jenkins.aetherproject.org/job/AetherOnRamp_QuickStart_AMP_24.04/",
        "buildable": true,
        "color": "red"
      },
      {
        "_class": "org.jenkinsci.plugins.workflow.job.WorkflowJob",
        "name": "AetherOnRamp_SDRAN_22.04",
        "url": "https://jenkins.aetherproject.org/job/AetherOnRamp_SDRAN_22.04/",
        "buildable": true,
        "color": "red"
      },
      {
        "_class": "org.jenkinsci.plugins.workflow.job.WorkflowJob",
        "name": "AetherOnRamp_SDRAN_24.04",
        "url": "https://jenkins.aetherproject.org/job/AetherOnRamp_SDRAN_24.04/",
        "buildable": true,
        "color": "red"
      },
      {
        "_class": "org.jenkinsci.plugins.workflow.job.WorkflowJob",
        "name": "AetherOnRamp_srsRAN_22.04",
        "url": "https://jenkins.aetherproject.org/job/AetherOnRamp_srsRAN_22.04/",
        "buildable": true,
        "color": "red"
      },
      {
        "_class": "org.jenkinsci.plugins.workflow.job.WorkflowJob",
        "name": "AetherOnRamp_UERANSIM_22.04",
        "url": "https://jenkins.aetherproject.org/job/AetherOnRamp_UERANSIM_22.04/",
        "buildable": true,
        "color": "red"
      },
      {
        "_class": "org.jenkinsci.plugins.workflow.job.WorkflowJob",
        "name": "AetherOnRamp_UPF_22.04",
        "url": "https://jenkins.aetherproject.org/job/AetherOnRamp_UPF_22.04/",
        "buildable": true,
        "color": "red"
      }
    ]
  },
  "orphaned_jenkins_jobs": {
    "total_orphaned_jobs": 0,
    "by_state": {},
    "jobs": {}
  }
}