{
  "schema_version": "1.5.0",
  "generated_at": "2026-02-09T14:11:22.080988+00:00",
  "project": "Linux Foundation",
  "config_digest": "36f86f1f1b92a79239e60dd0bbd99429453df3e37b0059bb06751082724d033a",
  "script_version": "0.1.dev1+gc18712a77",
  "time_windows": {
    "last_30": {
      "days": 30,
      "start": "2026-01-10T14:11:22.081117+00:00",
      "end": "2026-02-09T14:11:22.081117+00:00",
      "start_timestamp": 1768054282.081117,
      "end_timestamp": 1770646282.081117
    },
    "last_90": {
      "days": 90,
      "start": "2025-11-11T14:11:22.081117+00:00",
      "end": "2026-02-09T14:11:22.081117+00:00",
      "start_timestamp": 1762870282.081117,
      "end_timestamp": 1770646282.081117
    },
    "last_365": {
      "days": 365,
      "start": "2025-02-09T14:11:22.081117+00:00",
      "end": "2026-02-09T14:11:22.081117+00:00",
      "start_timestamp": 1739110282.081117,
      "end_timestamp": 1770646282.081117
    },
    "last_3_years": {
      "days": 1095,
      "start": "2023-02-10T14:11:22.081117+00:00",
      "end": "2026-02-09T14:11:22.081117+00:00",
      "start_timestamp": 1676038282.081117,
      "end_timestamp": 1770646282.081117
    }
  },
  "repositories": [],
  "authors": [],
  "organizations": [],
  "summaries": {
    "reporting_period": {
      "window_name": "last_365",
      "days": 365
    },
    "counts": {
      "total_repositories": 0,
      "current_repositories": 0,
      "active_repositories": 0,
      "inactive_repositories": 0,
      "no_commit_repositories": 0,
      "total_commits": 0,
      "total_lines_added": 0,
      "total_authors": 0,
      "total_organizations": 0
    },
    "activity_status_distribution": {
      "current": [],
      "active": [],
      "inactive": []
    },
    "top_current_repositories": [],
    "top_active_repositories": [],
    "least_active_repositories": [],
    "all_repositories": [],
    "no_commit_repositories": [],
    "top_contributors_commits": [],
    "top_contributors_loc": [],
    "top_organizations": []
  },
  "errors": [],
  "jenkins_metadata": {
    "host": "",
    "requires_auth": false
  },
  "info_yaml": {
    "projects": [],
    "lifecycle_summary": [],
    "total_projects": 0,
    "servers": [],
    "activity_windows": {
      "current": 365,
      "active": 1095
    }
  }
}