{
  "schema_version": "1.5.0",
  "generated_at": "2026-02-09T14:11:55.653212+00:00",
  "project": "LF Broadband",
  "config_digest": "1f5def308a987f04489c939fbcc8c36e363030d7817211c0a7d015ac8b09f54a",
  "script_version": "0.1.dev1+gc18712a77",
  "time_windows": {
    "last_30": {
      "days": 30,
      "start": "2026-01-10T14:11:55.653335+00:00",
      "end": "2026-02-09T14:11:55.653335+00:00",
      "start_timestamp": 1768054315.653335,
      "end_timestamp": 1770646315.653335
    },
    "last_90": {
      "days": 90,
      "start": "2025-11-11T14:11:55.653335+00:00",
      "end": "2026-02-09T14:11:55.653335+00:00",
      "start_timestamp": 1762870315.653335,
      "end_timestamp": 1770646315.653335
    },
    "last_365": {
      "days": 365,
      "start": "2025-02-09T14:11:55.653335+00:00",
      "end": "2026-02-09T14:11:55.653335+00:00",
      "start_timestamp": 1739110315.653335,
      "end_timestamp": 1770646315.653335
    },
    "last_3_years": {
      "days": 1095,
      "start": "2023-02-10T14:11:55.653335+00:00",
      "end": "2026-02-09T14:11:55.653335+00:00",
      "start_timestamp": 1676038315.653335,
      "end_timestamp": 1770646315.653335
    }
  },
  "repositories": [],
  "authors": [],
  "organizations": [],
  "summaries": {
    "reporting_period": {
      "window_name": "last_365",
      "days": 365
    },
    "counts": {
      "total_repositories": 0,
      "current_repositories": 0,
      "active_repositories": 0,
      "inactive_repositories": 0,
      "no_commit_repositories": 0,
      "total_commits": 0,
      "total_lines_added": 0,
      "total_authors": 0,
      "total_organizations": 0
    },
    "activity_status_distribution": {
      "current": [],
      "active": [],
      "inactive": []
    },
    "top_current_repositories": [],
    "top_active_repositories": [],
    "least_active_repositories": [],
    "all_repositories": [],
    "no_commit_repositories": [],
    "top_contributors_commits": [],
    "top_contributors_loc": [],
    "top_organizations": []
  },
  "errors": [],
  "jenkins_metadata": {
    "host": "jenkins.lfbroadband.org",
    "requires_auth": false
  },
  "info_yaml": {
    "projects": [],
    "lifecycle_summary": [],
    "total_projects": 0,
    "servers": [],
    "activity_windows": {
      "current": 365,
      "active": 1095
    }
  },
  "jenkins_allocation": {
    "total_jenkins_jobs": 199,
    "allocated_jobs": 0,
    "unallocated_jobs": 199,
    "allocated_job_names": [],
    "allocation_percentage": 0.0,
    "unallocated_job_names": [
      "bbsim_scale_test",
      "build_berlin-community-pod-1-gpon-adtran_1T8GEM_DT_voltha_master",
      "build_berlin-community-pod-1-gpon-adtran_1T8GEM_voltha_DT_master_test",
      "build_berlin-community-pod-1-gpon_1T8GEM_DT_voltha_master",
      "build_berlin-community-pod-1-gpon_1T8GEM_voltha_DT_master_test",
      "build_berlin-community-pod-1-gpon_TP_TT_voltha_master",
      "build_berlin-community-pod-1-gpon_TP_voltha_TT_master_test",
      "build_berlin-community-pod-1-multi-olt_1T8GEM_DT_voltha_master",
      "build_berlin-community-pod-1-multi-olt_1T8GEM_voltha_DT_master_test",
      "build_berlin-community-pod-2-gpon-zyxel_1T8GEM_DT_voltha_master",
      "build_berlin-community-pod-2-gpon-zyxel_1T8GEM_voltha_DT_master_test",
      "build_berlin-community-pod-2-xgspon-zyxel_1T8GEM_DT_voltha_master",
      "build_berlin-community-pod-2-xgspon-zyxel_1T8GEM_voltha_DT_master_test",
      "build_berlin-community-pod-2-xgspon-zyxel_TP_TT_voltha_master",
      "build_berlin-community-pod-2-xgspon-zyxel_TP_voltha_TT_master_test",
      "check_infrastructure",
      "ci-management-ami-packer-merge-ubuntu-18.04-basebuild_1804",
      "ci-management-ami-packer-verify",
      "ci-management-ami-packer-verify-build-ubuntu-18.04-basebuild_1804",
      "docker-publish_bbsim",
      "docker-publish_bbsim-sadis-server",
      "docker-publish_ofagent-go",
      "docker-publish_voltha-docker-tools",
      "docker-publish_voltha-go",
      "docker-publish_voltha-go-controller",
      "docker-publish_voltha-onos",
      "docker-publish_voltha-openolt-adapter",
      "docker-publish_voltha-openonu-adapter-go",
      "github-release_bbsim",
      "github-release_voltctl",
      "helm-lint_voltha-helm-charts",
      "maven-publish_aaa",
      "maven-publish_bng",
      "maven-publish_dhcpl2relay",
      "maven-publish_igmpproxy",
      "maven-publish_kafka-onos",
      "maven-publish_mac-learning",
      "maven-publish_mcast",
      "maven-publish_olt",
      "maven-publish_pppoeagent",
      "maven-publish_sadis",
      "onf-make-unit-test-bbsim",
      "onf-make-voltha-dt-fttb-test-bbsim-master",
      "onf-make-voltha-sanity-test-multi-runs",
      "onos-app-release",
      "patchset-voltha-2.14-multiple-olts-openonu-go-test-bbsim",
      "patchset-voltha-2.14-openonu-go-test-bbsim",
      "patchset-voltha-multiple-olts-openonu-go-test-bbsim",
      "patchset-voltha-multiple-olts-pm-data-test-bbsim",
      "patchset-voltha-openonu-go-test-bbsim",
      "patchset-voltha-pm-data-test-bbsim",
      "periodic-software-upgrade-test-bbsim",
      "periodic-software-upgrade-test-bbsim-2.11",
      "periodic-software-upgrade-test-bbsim-2.14",
      "periodic-voltha-combined-vgc",
      "periodic-voltha-combined-vgc-multi-olt",
      "periodic-voltha-dt-fttb-test-bbsim-2.14",
      "periodic-voltha-dt-fttb-test-bbsim-master",
      "periodic-voltha-dt-test-bbsim-2.14",
      "periodic-voltha-dt-test-bbsim-master",
      "periodic-voltha-etcd-test",
      "periodic-voltha-etcd-test-2.14",
      "periodic-voltha-memory-leak-test-bbsim",
      "periodic-voltha-memory-leak-test-bbsim-2.14",
      "periodic-voltha-multi-uni-multiple-olts-test-bbsim",
      "periodic-voltha-multi-uni-multiple-olts-test-bbsim-2.14",
      "periodic-voltha-multi-uni-test-bbsim",
      "periodic-voltha-multi-uni-test-bbsim-2.14",
      "periodic-voltha-multiple-olts-openonu-go-test-bbsim",
      "periodic-voltha-multiple-olts-openonu-go-test-bbsim-2.14",
      "periodic-voltha-multiple-olts-pm-data-test-bbsim",
      "periodic-voltha-multiple-olts-pm-data-test-bbsim-2.14",
      "periodic-voltha-multiple-olts-test-bbsim",
      "periodic-voltha-multiple-olts-test-bbsim-2.14",
      "periodic-voltha-openonu-go-test-bbsim",
      "periodic-voltha-openonu-go-test-bbsim-2.14",
      "periodic-voltha-pm-data-test-bbsim",
      "periodic-voltha-pm-data-test-bbsim-2.14",
      "periodic-voltha-sanity-test-multi-runs",
      "periodic-voltha-test-DMI",
      "periodic-voltha-test-DMI-2.14",
      "periodic-voltha-test-bbsim",
      "periodic-voltha-test-bbsim-2.14",
      "periodic-voltha-tim-multiple-olts-test-bbsim",
      "periodic-voltha-tt-maclearner-sanity-test-bbsim",
      "periodic-voltha-unitag-subscriber-tt-test-bbsim",
      "periodic-voltha-unitag-subscriber-tt-test-bbsim-2.14",
      "publish-helm-repo_voltha-helm-charts",
      "pypi-publish_device-management-interface",
      "pypi-publish_voltha-protos",
      "sync-dir_voltha-docs",
      "tag-check_voltha-docs",
      "tag-check_voltha-helm-charts",
      "verify_aaa_licensed",
      "verify_aaa_maven-test",
      "verify_bbsim-sadis-server_licensed",
      "verify_bbsim-sadis-server_sanity-test",
      "verify_bbsim-sadis-server_sanity-test-voltha-2.14",
      "verify_bbsim-sadis-server_unit-test",
      "verify_bbsim_licensed",
      "verify_bbsim_sanity-test",
      "verify_bbsim_sanity-test-voltha-2.14",
      "verify_bbsim_unit-test",
      "verify_berlin-community-pod-1-gpon-adtran_Default_DT_voltha_master_dmi",
      "verify_bng_licensed",
      "verify_bng_maven-test",
      "verify_device-management-interface_licensed",
      "verify_device-management-interface_unit-test",
      "verify_dhcpl2relay_licensed",
      "verify_dhcpl2relay_maven-test",
      "verify_helm-repo-tools_licensed",
      "verify_helm-repo-tools_shellcheck",
      "verify_igmpproxy_licensed",
      "verify_igmpproxy_maven-test",
      "verify_kafka-onos_licensed",
      "verify_kafka-onos_maven-test",
      "verify_mac-learning_licensed",
      "verify_mac-learning_maven-test",
      "verify_mcast_licensed",
      "verify_mcast_maven-test",
      "verify_ofagent-go_licensed",
      "verify_ofagent-go_sanity-test",
      "verify_ofagent-go_sanity-test-voltha-2.14",
      "verify_ofagent-go_unit-test",
      "verify_olt_licensed",
      "verify_olt_maven-test",
      "verify_omci-lib-go_licensed",
      "verify_omci-lib-go_unit-test",
      "verify_openolt_licensed",
      "verify_openolt_unit-test",
      "verify_pppoeagent_licensed",
      "verify_pppoeagent_maven-test",
      "verify_sadis_licensed",
      "verify_sadis_maven-test",
      "verify_voltctl_licensed",
      "verify_voltctl_sanity-test",
      "verify_voltctl_unit-test",
      "verify_voltha-docker-tools_licensed",
      "verify_voltha-docker-tools_unit-test",
      "verify_voltha-docs_licensed",
      "verify_voltha-docs_unit-test",
      "verify_voltha-go-controller_licensed",
      "verify_voltha-go-controller_unit-test",
      "verify_voltha-go_licensed",
      "verify_voltha-go_sanity-test",
      "verify_voltha-go_sanity-test-voltha-2.14",
      "verify_voltha-go_unit-test-lint",
      "verify_voltha-go_unit-test-tests",
      "verify_voltha-helm-charts_licensed",
      "verify_voltha-helm-charts_sanity-test",
      "verify_voltha-helm-charts_sanity-test-voltha-2.14",
      "verify_voltha-lib-go_licensed",
      "verify_voltha-lib-go_unit-test",
      "verify_voltha-onos_licensed",
      "verify_voltha-onos_sanity-test",
      "verify_voltha-onos_sanity-test-voltha-2.14",
      "verify_voltha-onos_unit-test",
      "verify_voltha-openolt-adapter_licensed",
      "verify_voltha-openolt-adapter_sanity-test",
      "verify_voltha-openolt-adapter_sanity-test-voltha-2.14",
      "verify_voltha-openolt-adapter_unit-test-lint",
      "verify_voltha-openolt-adapter_unit-test-tests",
      "verify_voltha-openonu-adapter-go_licensed",
      "verify_voltha-openonu-adapter-go_sanity-test",
      "verify_voltha-openonu-adapter-go_sanity-test-voltha-2.14",
      "verify_voltha-openonu-adapter-go_unit-test-lint",
      "verify_voltha-openonu-adapter-go_unit-test-tests",
      "verify_voltha-protos_licensed",
      "verify_voltha-protos_unit-test",
      "verify_voltha-system-tests_licensed",
      "verify_voltha-system-tests_sanity-test",
      "verify_voltha-system-tests_sanity-test-py312",
      "verify_voltha-system-tests_sanity-test-voltha-2.14",
      "verify_voltha-system-tests_unit-test",
      "version-tag_voltha-docs",
      "version-tag_voltha-helm-charts",
      "version-tag_wildcard",
      "voltha-scale-measurements-2.14-10-stacks-2-16-32-dt-subscribers",
      "voltha-scale-measurements-2.14-10-stacks-2-16-32-tt-subscribers",
      "voltha-scale-measurements-lwc-dt-256",
      "voltha-scale-measurements-lwc-dt-512",
      "voltha-scale-measurements-master-1-64-63-dt-subscribers",
      "voltha-scale-measurements-master-1-64-63-tt-subscribers",
      "voltha-scale-measurements-master-10-stacks-2-16-32-att-subscribers",
      "voltha-scale-measurements-master-10-stacks-2-16-32-dt-subscribers",
      "voltha-scale-measurements-master-10-stacks-2-16-32-tt-subscribers",
      "voltha-scale-measurements-master-2-16-32-att-subscribers",
      "voltha-scale-measurements-master-2-16-32-dt-subscribers",
      "voltha-scale-measurements-master-2-16-32-tt-subscribers",
      "voltha-scale-measurements-master-2-16-32-tt-subscribers-maclearner",
      "voltha-scale-measurements-master-2-64-32-dt-subscribers",
      "voltha-scale-measurements-master-experimental",
      "voltha-scale-measurements-master-experimental-multi-stack",
      "voltha-scale-measurements-master-onu-upgrade-2-16-32-att-onus",
      "voltha-scale-measurements-patchset-1-16-32-att-subscribers",
      "voltha-scale-measurements-patchset-1-16-32-dt-subscribers",
      "voltha-scale-measurements-patchset-1-16-32-tt-subscribers",
      "voltha-scale-measurements-voltha-2.14-2-16-32-dt-subscribers",
      "voltha-scale-measurements-voltha-2.14-2-16-32-tt-subscribers"
    ],
    "unallocated_job_details": [
      {
        "_class": "org.jenkinsci.plugins.workflow.job.WorkflowJob",
        "name": "bbsim_scale_test",
        "url": "https://jenkins.lfbroadband.org/job/bbsim_scale_test/",
        "buildable": true,
        "color": "red"
      },
      {
        "_class": "org.jenkinsci.plugins.workflow.job.WorkflowJob",
        "name": "build_berlin-community-pod-1-gpon-adtran_1T8GEM_DT_voltha_master",
        "url": "https://jenkins.lfbroadband.org/job/build_berlin-community-pod-1-gpon-adtran_1T8GEM_DT_voltha_master/",
        "buildable": true,
        "color": "blue"
      },
      {
        "_class": "org.jenkinsci.plugins.workflow.job.WorkflowJob",
        "name": "build_berlin-community-pod-1-gpon-adtran_1T8GEM_voltha_DT_master_test",
        "url": "https://jenkins.lfbroadband.org/job/build_berlin-community-pod-1-gpon-adtran_1T8GEM_voltha_DT_master_test/",
        "buildable": true,
        "color": "yellow"
      },
      {
        "_class": "org.jenkinsci.plugins.workflow.job.WorkflowJob",
        "name": "build_berlin-community-pod-1-gpon_1T8GEM_DT_voltha_master",
        "url": "https://jenkins.lfbroadband.org/job/build_berlin-community-pod-1-gpon_1T8GEM_DT_voltha_master/",
        "buildable": true,
        "color": "blue"
      },
      {
        "_class": "org.jenkinsci.plugins.workflow.job.WorkflowJob",
        "name": "build_berlin-community-pod-1-gpon_1T8GEM_voltha_DT_master_test",
        "url": "https://jenkins.lfbroadband.org/job/build_berlin-community-pod-1-gpon_1T8GEM_voltha_DT_master_test/",
        "buildable": true,
        "color": "red"
      },
      {
        "_class": "org.jenkinsci.plugins.workflow.job.WorkflowJob",
        "name": "build_berlin-community-pod-1-gpon_TP_TT_voltha_master",
        "url": "https://jenkins.lfbroadband.org/job/build_berlin-community-pod-1-gpon_TP_TT_voltha_master/",
        "buildable": true,
        "color": "blue"
      },
      {
        "_class": "org.jenkinsci.plugins.workflow.job.WorkflowJob",
        "name": "build_berlin-community-pod-1-gpon_TP_voltha_TT_master_test",
        "url": "https://jenkins.lfbroadband.org/job/build_berlin-community-pod-1-gpon_TP_voltha_TT_master_test/",
        "buildable": true,
        "color": "yellow"
      },
      {
        "_class": "org.jenkinsci.plugins.workflow.job.WorkflowJob",
        "name": "build_berlin-community-pod-1-multi-olt_1T8GEM_DT_voltha_master",
        "url": "https://jenkins.lfbroadband.org/job/build_berlin-community-pod-1-multi-olt_1T8GEM_DT_voltha_master/",
        "buildable": true,
        "color": "blue"
      },
      {
        "_class": "org.jenkinsci.plugins.workflow.job.WorkflowJob",
        "name": "build_berlin-community-pod-1-multi-olt_1T8GEM_voltha_DT_master_test",
        "url": "https://jenkins.lfbroadband.org/job/build_berlin-community-pod-1-multi-olt_1T8GEM_voltha_DT_master_test/",
        "buildable": true,
        "color": "yellow"
      },
      {
        "_class": "org.jenkinsci.plugins.workflow.job.WorkflowJob",
        "name": "build_berlin-community-pod-2-gpon-zyxel_1T8GEM_DT_voltha_master",
        "url": "https://jenkins.lfbroadband.org/job/build_berlin-community-pod-2-gpon-zyxel_1T8GEM_DT_voltha_master/",
        "buildable": true,
        "color": "blue"
      },
      {
        "_class": "org.jenkinsci.plugins.workflow.job.WorkflowJob",
        "name": "build_berlin-community-pod-2-gpon-zyxel_1T8GEM_voltha_DT_master_test",
        "url": "https://jenkins.lfbroadband.org/job/build_berlin-community-pod-2-gpon-zyxel_1T8GEM_voltha_DT_master_test/",
        "buildable": true,
        "color": "yellow"
      },
      {
        "_class": "org.jenkinsci.plugins.workflow.job.WorkflowJob",
        "name": "build_berlin-community-pod-2-xgspon-zyxel_1T8GEM_DT_voltha_master",
        "url": "https://jenkins.lfbroadband.org/job/build_berlin-community-pod-2-xgspon-zyxel_1T8GEM_DT_voltha_master/",
        "buildable": true,
        "color": "blue"
      },
      {
        "_class": "org.jenkinsci.plugins.workflow.job.WorkflowJob",
        "name": "build_berlin-community-pod-2-xgspon-zyxel_1T8GEM_voltha_DT_master_test",
        "url": "https://jenkins.lfbroadband.org/job/build_berlin-community-pod-2-xgspon-zyxel_1T8GEM_voltha_DT_master_test/",
        "buildable": true,
        "color": "yellow"
      },
      {
        "_class": "org.jenkinsci.plugins.workflow.job.WorkflowJob",
        "name": "build_berlin-community-pod-2-xgspon-zyxel_TP_TT_voltha_master",
        "url": "https://jenkins.lfbroadband.org/job/build_berlin-community-pod-2-xgspon-zyxel_TP_TT_voltha_master/",
        "buildable": true,
        "color": "blue"
      },
      {
        "_class": "org.jenkinsci.plugins.workflow.job.WorkflowJob",
        "name": "build_berlin-community-pod-2-xgspon-zyxel_TP_voltha_TT_master_test",
        "url": "https://jenkins.lfbroadband.org/job/build_berlin-community-pod-2-xgspon-zyxel_TP_voltha_TT_master_test/",
        "buildable": true,
        "color": "yellow"
      },
      {
        "_class": "org.jenkinsci.plugins.workflow.job.WorkflowJob",
        "name": "check_infrastructure",
        "url": "https://jenkins.lfbroadband.org/job/check_infrastructure/",
        "buildable": true,
        "color": "blue"
      },
      {
        "_class": "hudson.model.FreeStyleProject",
        "name": "ci-management-ami-packer-merge-ubuntu-18.04-basebuild_1804",
        "url": "https://jenkins.lfbroadband.org/job/ci-management-ami-packer-merge-ubuntu-18.04-basebuild_1804/",
        "buildable": true,
        "color": "red",
        "disabled": false
      },
      {
        "_class": "hudson.model.FreeStyleProject",
        "name": "ci-management-ami-packer-verify",
        "url": "https://jenkins.lfbroadband.org/job/ci-management-ami-packer-verify/",
        "buildable": true,
        "color": "yellow",
        "disabled": false
      },
      {
        "_class": "hudson.model.FreeStyleProject",
        "name": "ci-management-ami-packer-verify-build-ubuntu-18.04-basebuild_1804",
        "url": "https://jenkins.lfbroadband.org/job/ci-management-ami-packer-verify-build-ubuntu-18.04-basebuild_1804/",
        "buildable": true,
        "color": "blue",
        "disabled": false
      },
      {
        "_class": "org.jenkinsci.plugins.workflow.job.WorkflowJob",
        "name": "docker-publish_bbsim",
        "url": "https://jenkins.lfbroadband.org/job/docker-publish_bbsim/",
        "buildable": true,
        "color": "blue"
      },
      {
        "_class": "org.jenkinsci.plugins.workflow.job.WorkflowJob",
        "name": "docker-publish_bbsim-sadis-server",
        "url": "https://jenkins.lfbroadband.org/job/docker-publish_bbsim-sadis-server/",
        "buildable": true,
        "color": "blue"
      },
      {
        "_class": "org.jenkinsci.plugins.workflow.job.WorkflowJob",
        "name": "docker-publish_ofagent-go",
        "url": "https://jenkins.lfbroadband.org/job/docker-publish_ofagent-go/",
        "buildable": true,
        "color": "blue"
      },
      {
        "_class": "org.jenkinsci.plugins.workflow.job.WorkflowJob",
        "name": "docker-publish_voltha-docker-tools",
        "url": "https://jenkins.lfbroadband.org/job/docker-publish_voltha-docker-tools/",
        "buildable": true,
        "color": "blue"
      },
      {
        "_class": "org.jenkinsci.plugins.workflow.job.WorkflowJob",
        "name": "docker-publish_voltha-go",
        "url": "https://jenkins.lfbroadband.org/job/docker-publish_voltha-go/",
        "buildable": true,
        "color": "blue"
      },
      {
        "_class": "org.jenkinsci.plugins.workflow.job.WorkflowJob",
        "name": "docker-publish_voltha-go-controller",
        "url": "https://jenkins.lfbroadband.org/job/docker-publish_voltha-go-controller/",
        "buildable": true,
        "color": "blue"
      },
      {
        "_class": "org.jenkinsci.plugins.workflow.job.WorkflowJob",
        "name": "docker-publish_voltha-onos",
        "url": "https://jenkins.lfbroadband.org/job/docker-publish_voltha-onos/",
        "buildable": true,
        "color": "blue"
      },
      {
        "_class": "org.jenkinsci.plugins.workflow.job.WorkflowJob",
        "name": "docker-publish_voltha-openolt-adapter",
        "url": "https://jenkins.lfbroadband.org/job/docker-publish_voltha-openolt-adapter/",
        "buildable": true,
        "color": "blue"
      },
      {
        "_class": "org.jenkinsci.plugins.workflow.job.WorkflowJob",
        "name": "docker-publish_voltha-openonu-adapter-go",
        "url": "https://jenkins.lfbroadband.org/job/docker-publish_voltha-openonu-adapter-go/",
        "buildable": true,
        "color": "blue"
      },
      {
        "_class": "hudson.model.FreeStyleProject",
        "name": "github-release_bbsim",
        "url": "https://jenkins.lfbroadband.org/job/github-release_bbsim/",
        "buildable": true,
        "color": "blue",
        "disabled": false
      },
      {
        "_class": "hudson.model.FreeStyleProject",
        "name": "github-release_voltctl",
        "url": "https://jenkins.lfbroadband.org/job/github-release_voltctl/",
        "buildable": true,
        "color": "red",
        "disabled": false
      },
      {
        "_class": "hudson.model.FreeStyleProject",
        "name": "helm-lint_voltha-helm-charts",
        "url": "https://jenkins.lfbroadband.org/job/helm-lint_voltha-helm-charts/",
        "buildable": true,
        "color": "blue",
        "disabled": false
      },
      {
        "_class": "hudson.model.FreeStyleProject",
        "name": "maven-publish_aaa",
        "url": "https://jenkins.lfbroadband.org/job/maven-publish_aaa/",
        "buildable": true,
        "color": "blue",
        "disabled": false
      },
      {
        "_class": "hudson.model.FreeStyleProject",
        "name": "maven-publish_bng",
        "url": "https://jenkins.lfbroadband.org/job/maven-publish_bng/",
        "buildable": true,
        "color": "blue",
        "disabled": false
      },
      {
        "_class": "hudson.model.FreeStyleProject",
        "name": "maven-publish_dhcpl2relay",
        "url": "https://jenkins.lfbroadband.org/job/maven-publish_dhcpl2relay/",
        "buildable": true,
        "color": "blue",
        "disabled": false
      },
      {
        "_class": "hudson.model.FreeStyleProject",
        "name": "maven-publish_igmpproxy",
        "url": "https://jenkins.lfbroadband.org/job/maven-publish_igmpproxy/",
        "buildable": true,
        "color": "blue",
        "disabled": false
      },
      {
        "_class": "hudson.model.FreeStyleProject",
        "name": "maven-publish_kafka-onos",
        "url": "https://jenkins.lfbroadband.org/job/maven-publish_kafka-onos/",
        "buildable": true,
        "color": "blue",
        "disabled": false
      },
      {
        "_class": "hudson.model.FreeStyleProject",
        "name": "maven-publish_mac-learning",
        "url": "https://jenkins.lfbroadband.org/job/maven-publish_mac-learning/",
        "buildable": true,
        "color": "blue",
        "disabled": false
      },
      {
        "_class": "hudson.model.FreeStyleProject",
        "name": "maven-publish_mcast",
        "url": "https://jenkins.lfbroadband.org/job/maven-publish_mcast/",
        "buildable": true,
        "color": "blue",
        "disabled": false
      },
      {
        "_class": "hudson.model.FreeStyleProject",
        "name": "maven-publish_olt",
        "url": "https://jenkins.lfbroadband.org/job/maven-publish_olt/",
        "buildable": true,
        "color": "blue",
        "disabled": false
      },
      {
        "_class": "hudson.model.FreeStyleProject",
        "name": "maven-publish_pppoeagent",
        "url": "https://jenkins.lfbroadband.org/job/maven-publish_pppoeagent/",
        "buildable": true,
        "color": "blue",
        "disabled": false
      },
      {
        "_class": "hudson.model.FreeStyleProject",
        "name": "maven-publish_sadis",
        "url": "https://jenkins.lfbroadband.org/job/maven-publish_sadis/",
        "buildable": true,
        "color": "blue",
        "disabled": false
      },
      {
        "_class": "hudson.model.FreeStyleProject",
        "name": "onf-make-unit-test-bbsim",
        "url": "https://jenkins.lfbroadband.org/job/onf-make-unit-test-bbsim/",
        "buildable": true,
        "color": "blue",
        "disabled": false
      },
      {
        "_class": "org.jenkinsci.plugins.workflow.job.WorkflowJob",
        "name": "onf-make-voltha-dt-fttb-test-bbsim-master",
        "url": "https://jenkins.lfbroadband.org/job/onf-make-voltha-dt-fttb-test-bbsim-master/",
        "buildable": true,
        "color": "blue"
      },
      {
        "_class": "org.jenkinsci.plugins.workflow.job.WorkflowJob",
        "name": "onf-make-voltha-sanity-test-multi-runs",
        "url": "https://jenkins.lfbroadband.org/job/onf-make-voltha-sanity-test-multi-runs/",
        "buildable": true,
        "color": "blue"
      },
      {
        "_class": "org.jenkinsci.plugins.workflow.job.WorkflowJob",
        "name": "onos-app-release",
        "url": "https://jenkins.lfbroadband.org/job/onos-app-release/",
        "buildable": true,
        "color": "blue"
      },
      {
        "_class": "org.jenkinsci.plugins.workflow.job.WorkflowJob",
        "name": "patchset-voltha-2.14-multiple-olts-openonu-go-test-bbsim",
        "url": "https://jenkins.lfbroadband.org/job/patchset-voltha-2.14-multiple-olts-openonu-go-test-bbsim/",
        "buildable": true,
        "color": "red"
      },
      {
        "_class": "org.jenkinsci.plugins.workflow.job.WorkflowJob",
        "name": "patchset-voltha-2.14-openonu-go-test-bbsim",
        "url": "https://jenkins.lfbroadband.org/job/patchset-voltha-2.14-openonu-go-test-bbsim/",
        "buildable": true,
        "color": "red"
      },
      {
        "_class": "org.jenkinsci.plugins.workflow.job.WorkflowJob",
        "name": "patchset-voltha-multiple-olts-openonu-go-test-bbsim",
        "url": "https://jenkins.lfbroadband.org/job/patchset-voltha-multiple-olts-openonu-go-test-bbsim/",
        "buildable": true,
        "color": "yellow"
      },
      {
        "_class": "org.jenkinsci.plugins.workflow.job.WorkflowJob",
        "name": "patchset-voltha-multiple-olts-pm-data-test-bbsim",
        "url": "https://jenkins.lfbroadband.org/job/patchset-voltha-multiple-olts-pm-data-test-bbsim/",
        "buildable": true,
        "color": "notbuilt"
      },
      {
        "_class": "org.jenkinsci.plugins.workflow.job.WorkflowJob",
        "name": "patchset-voltha-openonu-go-test-bbsim",
        "url": "https://jenkins.lfbroadband.org/job/patchset-voltha-openonu-go-test-bbsim/",
        "buildable": true,
        "color": "blue"
      },
      {
        "_class": "org.jenkinsci.plugins.workflow.job.WorkflowJob",
        "name": "patchset-voltha-pm-data-test-bbsim",
        "url": "https://jenkins.lfbroadband.org/job/patchset-voltha-pm-data-test-bbsim/",
        "buildable": true,
        "color": "notbuilt"
      },
      {
        "_class": "org.jenkinsci.plugins.workflow.job.WorkflowJob",
        "name": "periodic-software-upgrade-test-bbsim",
        "url": "https://jenkins.lfbroadband.org/job/periodic-software-upgrade-test-bbsim/",
        "buildable": true,
        "color": "aborted"
      },
      {
        "_class": "org.jenkinsci.plugins.workflow.job.WorkflowJob",
        "name": "periodic-software-upgrade-test-bbsim-2.11",
        "url": "https://jenkins.lfbroadband.org/job/periodic-software-upgrade-test-bbsim-2.11/",
        "buildable": true,
        "color": "red"
      },
      {
        "_class": "org.jenkinsci.plugins.workflow.job.WorkflowJob",
        "name": "periodic-software-upgrade-test-bbsim-2.14",
        "url": "https://jenkins.lfbroadband.org/job/periodic-software-upgrade-test-bbsim-2.14/",
        "buildable": true,
        "color": "red"
      },
      {
        "_class": "org.jenkinsci.plugins.workflow.job.WorkflowJob",
        "name": "periodic-voltha-combined-vgc",
        "url": "https://jenkins.lfbroadband.org/job/periodic-voltha-combined-vgc/",
        "buildable": true,
        "color": "blue"
      },
      {
        "_class": "org.jenkinsci.plugins.workflow.job.WorkflowJob",
        "name": "periodic-voltha-combined-vgc-multi-olt",
        "url": "https://jenkins.lfbroadband.org/job/periodic-voltha-combined-vgc-multi-olt/",
        "buildable": true,
        "color": "blue"
      },
      {
        "_class": "org.jenkinsci.plugins.workflow.job.WorkflowJob",
        "name": "periodic-voltha-dt-fttb-test-bbsim-2.14",
        "url": "https://jenkins.lfbroadband.org/job/periodic-voltha-dt-fttb-test-bbsim-2.14/",
        "buildable": true,
        "color": "red"
      },
      {
        "_class": "org.jenkinsci.plugins.workflow.job.WorkflowJob",
        "name": "periodic-voltha-dt-fttb-test-bbsim-master",
        "url": "https://jenkins.lfbroadband.org/job/periodic-voltha-dt-fttb-test-bbsim-master/",
        "buildable": true,
        "color": "red"
      },
      {
        "_class": "org.jenkinsci.plugins.workflow.job.WorkflowJob",
        "name": "periodic-voltha-dt-test-bbsim-2.14",
        "url": "https://jenkins.lfbroadband.org/job/periodic-voltha-dt-test-bbsim-2.14/",
        "buildable": true,
        "color": "red"
      },
      {
        "_class": "org.jenkinsci.plugins.workflow.job.WorkflowJob",
        "name": "periodic-voltha-dt-test-bbsim-master",
        "url": "https://jenkins.lfbroadband.org/job/periodic-voltha-dt-test-bbsim-master/",
        "buildable": true,
        "color": "red"
      },
      {
        "_class": "org.jenkinsci.plugins.workflow.job.WorkflowJob",
        "name": "periodic-voltha-etcd-test",
        "url": "https://jenkins.lfbroadband.org/job/periodic-voltha-etcd-test/",
        "buildable": true,
        "color": "blue"
      },
      {
        "_class": "org.jenkinsci.plugins.workflow.job.WorkflowJob",
        "name": "periodic-voltha-etcd-test-2.14",
        "url": "https://jenkins.lfbroadband.org/job/periodic-voltha-etcd-test-2.14/",
        "buildable": true,
        "color": "red"
      },
      {
        "_class": "org.jenkinsci.plugins.workflow.job.WorkflowJob",
        "name": "periodic-voltha-memory-leak-test-bbsim",
        "url": "https://jenkins.lfbroadband.org/job/periodic-voltha-memory-leak-test-bbsim/",
        "buildable": true,
        "color": "red"
      },
      {
        "_class": "org.jenkinsci.plugins.workflow.job.WorkflowJob",
        "name": "periodic-voltha-memory-leak-test-bbsim-2.14",
        "url": "https://jenkins.lfbroadband.org/job/periodic-voltha-memory-leak-test-bbsim-2.14/",
        "buildable": true,
        "color": "red"
      },
      {
        "_class": "org.jenkinsci.plugins.workflow.job.WorkflowJob",
        "name": "periodic-voltha-multi-uni-multiple-olts-test-bbsim",
        "url": "https://jenkins.lfbroadband.org/job/periodic-voltha-multi-uni-multiple-olts-test-bbsim/",
        "buildable": true,
        "color": "red"
      },
      {
        "_class": "org.jenkinsci.plugins.workflow.job.WorkflowJob",
        "name": "periodic-voltha-multi-uni-multiple-olts-test-bbsim-2.14",
        "url": "https://jenkins.lfbroadband.org/job/periodic-voltha-multi-uni-multiple-olts-test-bbsim-2.14/",
        "buildable": true,
        "color": "red"
      },
      {
        "_class": "org.jenkinsci.plugins.workflow.job.WorkflowJob",
        "name": "periodic-voltha-multi-uni-test-bbsim",
        "url": "https://jenkins.lfbroadband.org/job/periodic-voltha-multi-uni-test-bbsim/",
        "buildable": true,
        "color": "red"
      },
      {
        "_class": "org.jenkinsci.plugins.workflow.job.WorkflowJob",
        "name": "periodic-voltha-multi-uni-test-bbsim-2.14",
        "url": "https://jenkins.lfbroadband.org/job/periodic-voltha-multi-uni-test-bbsim-2.14/",
        "buildable": true,
        "color": "red"
      },
      {
        "_class": "org.jenkinsci.plugins.workflow.job.WorkflowJob",
        "name": "periodic-voltha-multiple-olts-openonu-go-test-bbsim",
        "url": "https://jenkins.lfbroadband.org/job/periodic-voltha-multiple-olts-openonu-go-test-bbsim/",
        "buildable": true,
        "color": "red"
      },
      {
        "_class": "org.jenkinsci.plugins.workflow.job.WorkflowJob",
        "name": "periodic-voltha-multiple-olts-openonu-go-test-bbsim-2.14",
        "url": "https://jenkins.lfbroadband.org/job/periodic-voltha-multiple-olts-openonu-go-test-bbsim-2.14/",
        "buildable": true,
        "color": "red"
      },
      {
        "_class": "org.jenkinsci.plugins.workflow.job.WorkflowJob",
        "name": "periodic-voltha-multiple-olts-pm-data-test-bbsim",
        "url": "https://jenkins.lfbroadband.org/job/periodic-voltha-multiple-olts-pm-data-test-bbsim/",
        "buildable": true,
        "color": "red"
      },
      {
        "_class": "org.jenkinsci.plugins.workflow.job.WorkflowJob",
        "name": "periodic-voltha-multiple-olts-pm-data-test-bbsim-2.14",
        "url": "https://jenkins.lfbroadband.org/job/periodic-voltha-multiple-olts-pm-data-test-bbsim-2.14/",
        "buildable": true,
        "color": "red"
      },
      {
        "_class": "org.jenkinsci.plugins.workflow.job.WorkflowJob",
        "name": "periodic-voltha-multiple-olts-test-bbsim",
        "url": "https://jenkins.lfbroadband.org/job/periodic-voltha-multiple-olts-test-bbsim/",
        "buildable": true,
        "color": "red"
      },
      {
        "_class": "org.jenkinsci.plugins.workflow.job.WorkflowJob",
        "name": "periodic-voltha-multiple-olts-test-bbsim-2.14",
        "url": "https://jenkins.lfbroadband.org/job/periodic-voltha-multiple-olts-test-bbsim-2.14/",
        "buildable": true,
        "color": "red"
      },
      {
        "_class": "org.jenkinsci.plugins.workflow.job.WorkflowJob",
        "name": "periodic-voltha-openonu-go-test-bbsim",
        "url": "https://jenkins.lfbroadband.org/job/periodic-voltha-openonu-go-test-bbsim/",
        "buildable": true,
        "color": "red"
      },
      {
        "_class": "org.jenkinsci.plugins.workflow.job.WorkflowJob",
        "name": "periodic-voltha-openonu-go-test-bbsim-2.14",
        "url": "https://jenkins.lfbroadband.org/job/periodic-voltha-openonu-go-test-bbsim-2.14/",
        "buildable": true,
        "color": "red"
      },
      {
        "_class": "org.jenkinsci.plugins.workflow.job.WorkflowJob",
        "name": "periodic-voltha-pm-data-test-bbsim",
        "url": "https://jenkins.lfbroadband.org/job/periodic-voltha-pm-data-test-bbsim/",
        "buildable": true,
        "color": "red"
      },
      {
        "_class": "org.jenkinsci.plugins.workflow.job.WorkflowJob",
        "name": "periodic-voltha-pm-data-test-bbsim-2.14",
        "url": "https://jenkins.lfbroadband.org/job/periodic-voltha-pm-data-test-bbsim-2.14/",
        "buildable": true,
        "color": "red"
      },
      {
        "_class": "org.jenkinsci.plugins.workflow.job.WorkflowJob",
        "name": "periodic-voltha-sanity-test-multi-runs",
        "url": "https://jenkins.lfbroadband.org/job/periodic-voltha-sanity-test-multi-runs/",
        "buildable": true,
        "color": "blue"
      },
      {
        "_class": "org.jenkinsci.plugins.workflow.job.WorkflowJob",
        "name": "periodic-voltha-test-bbsim",
        "url": "https://jenkins.lfbroadband.org/job/periodic-voltha-test-bbsim/",
        "buildable": true,
        "color": "red"
      },
      {
        "_class": "org.jenkinsci.plugins.workflow.job.WorkflowJob",
        "name": "periodic-voltha-test-bbsim-2.14",
        "url": "https://jenkins.lfbroadband.org/job/periodic-voltha-test-bbsim-2.14/",
        "buildable": true,
        "color": "red"
      },
      {
        "_class": "org.jenkinsci.plugins.workflow.job.WorkflowJob",
        "name": "periodic-voltha-test-DMI",
        "url": "https://jenkins.lfbroadband.org/job/periodic-voltha-test-DMI/",
        "buildable": true,
        "color": "blue"
      },
      {
        "_class": "org.jenkinsci.plugins.workflow.job.WorkflowJob",
        "name": "periodic-voltha-test-DMI-2.14",
        "url": "https://jenkins.lfbroadband.org/job/periodic-voltha-test-DMI-2.14/",
        "buildable": true,
        "color": "red"
      },
      {
        "_class": "org.jenkinsci.plugins.workflow.job.WorkflowJob",
        "name": "periodic-voltha-tim-multiple-olts-test-bbsim",
        "url": "https://jenkins.lfbroadband.org/job/periodic-voltha-tim-multiple-olts-test-bbsim/",
        "buildable": true,
        "color": "red"
      },
      {
        "_class": "org.jenkinsci.plugins.workflow.job.WorkflowJob",
        "name": "periodic-voltha-tt-maclearner-sanity-test-bbsim",
        "url": "https://jenkins.lfbroadband.org/job/periodic-voltha-tt-maclearner-sanity-test-bbsim/",
        "buildable": true,
        "color": "blue"
      },
      {
        "_class": "org.jenkinsci.plugins.workflow.job.WorkflowJob",
        "name": "periodic-voltha-unitag-subscriber-tt-test-bbsim",
        "url": "https://jenkins.lfbroadband.org/job/periodic-voltha-unitag-subscriber-tt-test-bbsim/",
        "buildable": true,
        "color": "red"
      },
      {
        "_class": "org.jenkinsci.plugins.workflow.job.WorkflowJob",
        "name": "periodic-voltha-unitag-subscriber-tt-test-bbsim-2.14",
        "url": "https://jenkins.lfbroadband.org/job/periodic-voltha-unitag-subscriber-tt-test-bbsim-2.14/",
        "buildable": true,
        "color": "red"
      },
      {
        "_class": "hudson.model.FreeStyleProject",
        "name": "publish-helm-repo_voltha-helm-charts",
        "url": "https://jenkins.lfbroadband.org/job/publish-helm-repo_voltha-helm-charts/",
        "buildable": true,
        "color": "blue",
        "disabled": false
      },
      {
        "_class": "hudson.model.FreeStyleProject",
        "name": "pypi-publish_device-management-interface",
        "url": "https://jenkins.lfbroadband.org/job/pypi-publish_device-management-interface/",
        "buildable": true,
        "color": "red",
        "disabled": false
      },
      {
        "_class": "hudson.model.FreeStyleProject",
        "name": "pypi-publish_voltha-protos",
        "url": "https://jenkins.lfbroadband.org/job/pypi-publish_voltha-protos/",
        "buildable": true,
        "color": "blue",
        "disabled": false
      },
      {
        "_class": "hudson.model.FreeStyleProject",
        "name": "sync-dir_voltha-docs",
        "url": "https://jenkins.lfbroadband.org/job/sync-dir_voltha-docs/",
        "buildable": true,
        "color": "blue",
        "disabled": false
      },
      {
        "_class": "hudson.model.FreeStyleProject",
        "name": "tag-check_voltha-docs",
        "url": "https://jenkins.lfbroadband.org/job/tag-check_voltha-docs/",
        "buildable": true,
        "color": "blue",
        "disabled": false
      },
      {
        "_class": "hudson.model.FreeStyleProject",
        "name": "tag-check_voltha-helm-charts",
        "url": "https://jenkins.lfbroadband.org/job/tag-check_voltha-helm-charts/",
        "buildable": true,
        "color": "blue",
        "disabled": false
      },
      {
        "_class": "hudson.model.FreeStyleProject",
        "name": "verify_aaa_licensed",
        "url": "https://jenkins.lfbroadband.org/job/verify_aaa_licensed/",
        "buildable": true,
        "color": "blue",
        "disabled": false
      },
      {
        "_class": "hudson.model.FreeStyleProject",
        "name": "verify_aaa_maven-test",
        "url": "https://jenkins.lfbroadband.org/job/verify_aaa_maven-test/",
        "buildable": true,
        "color": "blue",
        "disabled": false
      },
      {
        "_class": "hudson.model.FreeStyleProject",
        "name": "verify_bbsim-sadis-server_licensed",
        "url": "https://jenkins.lfbroadband.org/job/verify_bbsim-sadis-server_licensed/",
        "buildable": true,
        "color": "blue",
        "disabled": false
      },
      {
        "_class": "org.jenkinsci.plugins.workflow.job.WorkflowJob",
        "name": "verify_bbsim-sadis-server_sanity-test",
        "url": "https://jenkins.lfbroadband.org/job/verify_bbsim-sadis-server_sanity-test/",
        "buildable": true,
        "color": "blue"
      },
      {
        "_class": "org.jenkinsci.plugins.workflow.job.WorkflowJob",
        "name": "verify_bbsim-sadis-server_sanity-test-voltha-2.14",
        "url": "https://jenkins.lfbroadband.org/job/verify_bbsim-sadis-server_sanity-test-voltha-2.14/",
        "buildable": true,
        "color": "notbuilt"
      },
      {
        "_class": "hudson.model.FreeStyleProject",
        "name": "verify_bbsim-sadis-server_unit-test",
        "url": "https://jenkins.lfbroadband.org/job/verify_bbsim-sadis-server_unit-test/",
        "buildable": true,
        "color": "blue",
        "disabled": false
      },
      {
        "_class": "hudson.model.FreeStyleProject",
        "name": "verify_bbsim_licensed",
        "url": "https://jenkins.lfbroadband.org/job/verify_bbsim_licensed/",
        "buildable": true,
        "color": "blue",
        "disabled": false
      },
      {
        "_class": "org.jenkinsci.plugins.workflow.job.WorkflowJob",
        "name": "verify_bbsim_sanity-test",
        "url": "https://jenkins.lfbroadband.org/job/verify_bbsim_sanity-test/",
        "buildable": true,
        "color": "blue"
      },
      {
        "_class": "org.jenkinsci.plugins.workflow.job.WorkflowJob",
        "name": "verify_bbsim_sanity-test-voltha-2.14",
        "url": "https://jenkins.lfbroadband.org/job/verify_bbsim_sanity-test-voltha-2.14/",
        "buildable": true,
        "color": "notbuilt"
      },
      {
        "_class": "hudson.model.FreeStyleProject",
        "name": "verify_bbsim_unit-test",
        "url": "https://jenkins.lfbroadband.org/job/verify_bbsim_unit-test/",
        "buildable": true,
        "color": "blue",
        "disabled": false
      },
      {
        "_class": "org.jenkinsci.plugins.workflow.job.WorkflowJob",
        "name": "verify_berlin-community-pod-1-gpon-adtran_Default_DT_voltha_master_dmi",
        "url": "https://jenkins.lfbroadband.org/job/verify_berlin-community-pod-1-gpon-adtran_Default_DT_voltha_master_dmi/",
        "buildable": false,
        "color": "disabled"
      },
      {
        "_class": "hudson.model.FreeStyleProject",
        "name": "verify_bng_licensed",
        "url": "https://jenkins.lfbroadband.org/job/verify_bng_licensed/",
        "buildable": true,
        "color": "blue",
        "disabled": false
      },
      {
        "_class": "hudson.model.FreeStyleProject",
        "name": "verify_bng_maven-test",
        "url": "https://jenkins.lfbroadband.org/job/verify_bng_maven-test/",
        "buildable": true,
        "color": "blue",
        "disabled": false
      },
      {
        "_class": "hudson.model.FreeStyleProject",
        "name": "verify_device-management-interface_licensed",
        "url": "https://jenkins.lfbroadband.org/job/verify_device-management-interface_licensed/",
        "buildable": true,
        "color": "blue",
        "disabled": false
      },
      {
        "_class": "hudson.model.FreeStyleProject",
        "name": "verify_device-management-interface_unit-test",
        "url": "https://jenkins.lfbroadband.org/job/verify_device-management-interface_unit-test/",
        "buildable": true,
        "color": "blue",
        "disabled": false
      },
      {
        "_class": "hudson.model.FreeStyleProject",
        "name": "verify_dhcpl2relay_licensed",
        "url": "https://jenkins.lfbroadband.org/job/verify_dhcpl2relay_licensed/",
        "buildable": true,
        "color": "blue",
        "disabled": false
      },
      {
        "_class": "hudson.model.FreeStyleProject",
        "name": "verify_dhcpl2relay_maven-test",
        "url": "https://jenkins.lfbroadband.org/job/verify_dhcpl2relay_maven-test/",
        "buildable": true,
        "color": "blue",
        "disabled": false
      },
      {
        "_class": "hudson.model.FreeStyleProject",
        "name": "verify_helm-repo-tools_licensed",
        "url": "https://jenkins.lfbroadband.org/job/verify_helm-repo-tools_licensed/",
        "buildable": true,
        "color": "blue",
        "disabled": false
      },
      {
        "_class": "hudson.model.FreeStyleProject",
        "name": "verify_helm-repo-tools_shellcheck",
        "url": "https://jenkins.lfbroadband.org/job/verify_helm-repo-tools_shellcheck/",
        "buildable": true,
        "color": "blue",
        "disabled": false
      },
      {
        "_class": "hudson.model.FreeStyleProject",
        "name": "verify_igmpproxy_licensed",
        "url": "https://jenkins.lfbroadband.org/job/verify_igmpproxy_licensed/",
        "buildable": true,
        "color": "blue",
        "disabled": false
      },
      {
        "_class": "hudson.model.FreeStyleProject",
        "name": "verify_igmpproxy_maven-test",
        "url": "https://jenkins.lfbroadband.org/job/verify_igmpproxy_maven-test/",
        "buildable": true,
        "color": "blue",
        "disabled": false
      },
      {
        "_class": "hudson.model.FreeStyleProject",
        "name": "verify_kafka-onos_licensed",
        "url": "https://jenkins.lfbroadband.org/job/verify_kafka-onos_licensed/",
        "buildable": true,
        "color": "blue",
        "disabled": false
      },
      {
        "_class": "hudson.model.FreeStyleProject",
        "name": "verify_kafka-onos_maven-test",
        "url": "https://jenkins.lfbroadband.org/job/verify_kafka-onos_maven-test/",
        "buildable": true,
        "color": "blue",
        "disabled": false
      },
      {
        "_class": "hudson.model.FreeStyleProject",
        "name": "verify_mac-learning_licensed",
        "url": "https://jenkins.lfbroadband.org/job/verify_mac-learning_licensed/",
        "buildable": true,
        "color": "blue",
        "disabled": false
      },
      {
        "_class": "hudson.model.FreeStyleProject",
        "name": "verify_mac-learning_maven-test",
        "url": "https://jenkins.lfbroadband.org/job/verify_mac-learning_maven-test/",
        "buildable": true,
        "color": "blue",
        "disabled": false
      },
      {
        "_class": "hudson.model.FreeStyleProject",
        "name": "verify_mcast_licensed",
        "url": "https://jenkins.lfbroadband.org/job/verify_mcast_licensed/",
        "buildable": true,
        "color": "blue",
        "disabled": false
      },
      {
        "_class": "hudson.model.FreeStyleProject",
        "name": "verify_mcast_maven-test",
        "url": "https://jenkins.lfbroadband.org/job/verify_mcast_maven-test/",
        "buildable": true,
        "color": "blue",
        "disabled": false
      },
      {
        "_class": "hudson.model.FreeStyleProject",
        "name": "verify_ofagent-go_licensed",
        "url": "https://jenkins.lfbroadband.org/job/verify_ofagent-go_licensed/",
        "buildable": true,
        "color": "blue",
        "disabled": false
      },
      {
        "_class": "org.jenkinsci.plugins.workflow.job.WorkflowJob",
        "name": "verify_ofagent-go_sanity-test",
        "url": "https://jenkins.lfbroadband.org/job/verify_ofagent-go_sanity-test/",
        "buildable": true,
        "color": "blue"
      },
      {
        "_class": "org.jenkinsci.plugins.workflow.job.WorkflowJob",
        "name": "verify_ofagent-go_sanity-test-voltha-2.14",
        "url": "https://jenkins.lfbroadband.org/job/verify_ofagent-go_sanity-test-voltha-2.14/",
        "buildable": true,
        "color": "notbuilt"
      },
      {
        "_class": "hudson.model.FreeStyleProject",
        "name": "verify_ofagent-go_unit-test",
        "url": "https://jenkins.lfbroadband.org/job/verify_ofagent-go_unit-test/",
        "buildable": true,
        "color": "blue",
        "disabled": false
      },
      {
        "_class": "hudson.model.FreeStyleProject",
        "name": "verify_olt_licensed",
        "url": "https://jenkins.lfbroadband.org/job/verify_olt_licensed/",
        "buildable": true,
        "color": "blue",
        "disabled": false
      },
      {
        "_class": "hudson.model.FreeStyleProject",
        "name": "verify_olt_maven-test",
        "url": "https://jenkins.lfbroadband.org/job/verify_olt_maven-test/",
        "buildable": true,
        "color": "blue",
        "disabled": false
      },
      {
        "_class": "hudson.model.FreeStyleProject",
        "name": "verify_omci-lib-go_licensed",
        "url": "https://jenkins.lfbroadband.org/job/verify_omci-lib-go_licensed/",
        "buildable": true,
        "color": "blue",
        "disabled": false
      },
      {
        "_class": "hudson.model.FreeStyleProject",
        "name": "verify_omci-lib-go_unit-test",
        "url": "https://jenkins.lfbroadband.org/job/verify_omci-lib-go_unit-test/",
        "buildable": true,
        "color": "blue",
        "disabled": false
      },
      {
        "_class": "hudson.model.FreeStyleProject",
        "name": "verify_openolt_licensed",
        "url": "https://jenkins.lfbroadband.org/job/verify_openolt_licensed/",
        "buildable": true,
        "color": "blue",
        "disabled": false
      },
      {
        "_class": "hudson.model.FreeStyleProject",
        "name": "verify_openolt_unit-test",
        "url": "https://jenkins.lfbroadband.org/job/verify_openolt_unit-test/",
        "buildable": true,
        "color": "blue",
        "disabled": false
      },
      {
        "_class": "hudson.model.FreeStyleProject",
        "name": "verify_pppoeagent_licensed",
        "url": "https://jenkins.lfbroadband.org/job/verify_pppoeagent_licensed/",
        "buildable": true,
        "color": "blue",
        "disabled": false
      },
      {
        "_class": "hudson.model.FreeStyleProject",
        "name": "verify_pppoeagent_maven-test",
        "url": "https://jenkins.lfbroadband.org/job/verify_pppoeagent_maven-test/",
        "buildable": true,
        "color": "blue",
        "disabled": false
      },
      {
        "_class": "hudson.model.FreeStyleProject",
        "name": "verify_sadis_licensed",
        "url": "https://jenkins.lfbroadband.org/job/verify_sadis_licensed/",
        "buildable": true,
        "color": "blue",
        "disabled": false
      },
      {
        "_class": "hudson.model.FreeStyleProject",
        "name": "verify_sadis_maven-test",
        "url": "https://jenkins.lfbroadband.org/job/verify_sadis_maven-test/",
        "buildable": true,
        "color": "blue",
        "disabled": false
      },
      {
        "_class": "hudson.model.FreeStyleProject",
        "name": "verify_voltctl_licensed",
        "url": "https://jenkins.lfbroadband.org/job/verify_voltctl_licensed/",
        "buildable": true,
        "color": "blue",
        "disabled": false
      },
      {
        "_class": "org.jenkinsci.plugins.workflow.job.WorkflowJob",
        "name": "verify_voltctl_sanity-test",
        "url": "https://jenkins.lfbroadband.org/job/verify_voltctl_sanity-test/",
        "buildable": true,
        "color": "blue"
      },
      {
        "_class": "hudson.model.FreeStyleProject",
        "name": "verify_voltctl_unit-test",
        "url": "https://jenkins.lfbroadband.org/job/verify_voltctl_unit-test/",
        "buildable": true,
        "color": "blue",
        "disabled": false
      },
      {
        "_class": "hudson.model.FreeStyleProject",
        "name": "verify_voltha-docker-tools_licensed",
        "url": "https://jenkins.lfbroadband.org/job/verify_voltha-docker-tools_licensed/",
        "buildable": true,
        "color": "blue",
        "disabled": false
      },
      {
        "_class": "hudson.model.FreeStyleProject",
        "name": "verify_voltha-docker-tools_unit-test",
        "url": "https://jenkins.lfbroadband.org/job/verify_voltha-docker-tools_unit-test/",
        "buildable": true,
        "color": "blue",
        "disabled": false
      },
      {
        "_class": "hudson.model.FreeStyleProject",
        "name": "verify_voltha-docs_licensed",
        "url": "https://jenkins.lfbroadband.org/job/verify_voltha-docs_licensed/",
        "buildable": true,
        "color": "blue",
        "disabled": false
      },
      {
        "_class": "hudson.model.FreeStyleProject",
        "name": "verify_voltha-docs_unit-test",
        "url": "https://jenkins.lfbroadband.org/job/verify_voltha-docs_unit-test/",
        "buildable": true,
        "color": "blue",
        "disabled": false
      },
      {
        "_class": "hudson.model.FreeStyleProject",
        "name": "verify_voltha-go-controller_licensed",
        "url": "https://jenkins.lfbroadband.org/job/verify_voltha-go-controller_licensed/",
        "buildable": true,
        "color": "blue",
        "disabled": false
      },
      {
        "_class": "hudson.model.FreeStyleProject",
        "name": "verify_voltha-go-controller_unit-test",
        "url": "https://jenkins.lfbroadband.org/job/verify_voltha-go-controller_unit-test/",
        "buildable": true,
        "color": "blue",
        "disabled": false
      },
      {
        "_class": "hudson.model.FreeStyleProject",
        "name": "verify_voltha-go_licensed",
        "url": "https://jenkins.lfbroadband.org/job/verify_voltha-go_licensed/",
        "buildable": true,
        "color": "blue",
        "disabled": false
      },
      {
        "_class": "org.jenkinsci.plugins.workflow.job.WorkflowJob",
        "name": "verify_voltha-go_sanity-test",
        "url": "https://jenkins.lfbroadband.org/job/verify_voltha-go_sanity-test/",
        "buildable": true,
        "color": "blue"
      },
      {
        "_class": "org.jenkinsci.plugins.workflow.job.WorkflowJob",
        "name": "verify_voltha-go_sanity-test-voltha-2.14",
        "url": "https://jenkins.lfbroadband.org/job/verify_voltha-go_sanity-test-voltha-2.14/",
        "buildable": true,
        "color": "notbuilt"
      },
      {
        "_class": "hudson.model.FreeStyleProject",
        "name": "verify_voltha-go_unit-test-lint",
        "url": "https://jenkins.lfbroadband.org/job/verify_voltha-go_unit-test-lint/",
        "buildable": true,
        "color": "blue",
        "disabled": false
      },
      {
        "_class": "hudson.model.FreeStyleProject",
        "name": "verify_voltha-go_unit-test-tests",
        "url": "https://jenkins.lfbroadband.org/job/verify_voltha-go_unit-test-tests/",
        "buildable": true,
        "color": "blue",
        "disabled": false
      },
      {
        "_class": "hudson.model.FreeStyleProject",
        "name": "verify_voltha-helm-charts_licensed",
        "url": "https://jenkins.lfbroadband.org/job/verify_voltha-helm-charts_licensed/",
        "buildable": true,
        "color": "blue",
        "disabled": false
      },
      {
        "_class": "org.jenkinsci.plugins.workflow.job.WorkflowJob",
        "name": "verify_voltha-helm-charts_sanity-test",
        "url": "https://jenkins.lfbroadband.org/job/verify_voltha-helm-charts_sanity-test/",
        "buildable": true,
        "color": "blue"
      },
      {
        "_class": "org.jenkinsci.plugins.workflow.job.WorkflowJob",
        "name": "verify_voltha-helm-charts_sanity-test-voltha-2.14",
        "url": "https://jenkins.lfbroadband.org/job/verify_voltha-helm-charts_sanity-test-voltha-2.14/",
        "buildable": true,
        "color": "notbuilt"
      },
      {
        "_class": "hudson.model.FreeStyleProject",
        "name": "verify_voltha-lib-go_licensed",
        "url": "https://jenkins.lfbroadband.org/job/verify_voltha-lib-go_licensed/",
        "buildable": true,
        "color": "blue",
        "disabled": false
      },
      {
        "_class": "hudson.model.FreeStyleProject",
        "name": "verify_voltha-lib-go_unit-test",
        "url": "https://jenkins.lfbroadband.org/job/verify_voltha-lib-go_unit-test/",
        "buildable": true,
        "color": "red",
        "disabled": false
      },
      {
        "_class": "hudson.model.FreeStyleProject",
        "name": "verify_voltha-onos_licensed",
        "url": "https://jenkins.lfbroadband.org/job/verify_voltha-onos_licensed/",
        "buildable": true,
        "color": "blue",
        "disabled": false
      },
      {
        "_class": "org.jenkinsci.plugins.workflow.job.WorkflowJob",
        "name": "verify_voltha-onos_sanity-test",
        "url": "https://jenkins.lfbroadband.org/job/verify_voltha-onos_sanity-test/",
        "buildable": true,
        "color": "blue"
      },
      {
        "_class": "org.jenkinsci.plugins.workflow.job.WorkflowJob",
        "name": "verify_voltha-onos_sanity-test-voltha-2.14",
        "url": "https://jenkins.lfbroadband.org/job/verify_voltha-onos_sanity-test-voltha-2.14/",
        "buildable": true,
        "color": "notbuilt"
      },
      {
        "_class": "hudson.model.FreeStyleProject",
        "name": "verify_voltha-onos_unit-test",
        "url": "https://jenkins.lfbroadband.org/job/verify_voltha-onos_unit-test/",
        "buildable": true,
        "color": "blue",
        "disabled": false
      },
      {
        "_class": "hudson.model.FreeStyleProject",
        "name": "verify_voltha-openolt-adapter_licensed",
        "url": "https://jenkins.lfbroadband.org/job/verify_voltha-openolt-adapter_licensed/",
        "buildable": true,
        "color": "blue",
        "disabled": false
      },
      {
        "_class": "org.jenkinsci.plugins.workflow.job.WorkflowJob",
        "name": "verify_voltha-openolt-adapter_sanity-test",
        "url": "https://jenkins.lfbroadband.org/job/verify_voltha-openolt-adapter_sanity-test/",
        "buildable": true,
        "color": "blue"
      },
      {
        "_class": "org.jenkinsci.plugins.workflow.job.WorkflowJob",
        "name": "verify_voltha-openolt-adapter_sanity-test-voltha-2.14",
        "url": "https://jenkins.lfbroadband.org/job/verify_voltha-openolt-adapter_sanity-test-voltha-2.14/",
        "buildable": true,
        "color": "notbuilt"
      },
      {
        "_class": "hudson.model.FreeStyleProject",
        "name": "verify_voltha-openolt-adapter_unit-test-lint",
        "url": "https://jenkins.lfbroadband.org/job/verify_voltha-openolt-adapter_unit-test-lint/",
        "buildable": true,
        "color": "blue",
        "disabled": false
      },
      {
        "_class": "hudson.model.FreeStyleProject",
        "name": "verify_voltha-openolt-adapter_unit-test-tests",
        "url": "https://jenkins.lfbroadband.org/job/verify_voltha-openolt-adapter_unit-test-tests/",
        "buildable": true,
        "color": "blue",
        "disabled": false
      },
      {
        "_class": "hudson.model.FreeStyleProject",
        "name": "verify_voltha-openonu-adapter-go_licensed",
        "url": "https://jenkins.lfbroadband.org/job/verify_voltha-openonu-adapter-go_licensed/",
        "buildable": true,
        "color": "blue",
        "disabled": false
      },
      {
        "_class": "org.jenkinsci.plugins.workflow.job.WorkflowJob",
        "name": "verify_voltha-openonu-adapter-go_sanity-test",
        "url": "https://jenkins.lfbroadband.org/job/verify_voltha-openonu-adapter-go_sanity-test/",
        "buildable": true,
        "color": "blue"
      },
      {
        "_class": "org.jenkinsci.plugins.workflow.job.WorkflowJob",
        "name": "verify_voltha-openonu-adapter-go_sanity-test-voltha-2.14",
        "url": "https://jenkins.lfbroadband.org/job/verify_voltha-openonu-adapter-go_sanity-test-voltha-2.14/",
        "buildable": true,
        "color": "notbuilt"
      },
      {
        "_class": "hudson.model.FreeStyleProject",
        "name": "verify_voltha-openonu-adapter-go_unit-test-lint",
        "url": "https://jenkins.lfbroadband.org/job/verify_voltha-openonu-adapter-go_unit-test-lint/",
        "buildable": true,
        "color": "blue",
        "disabled": false
      },
      {
        "_class": "hudson.model.FreeStyleProject",
        "name": "verify_voltha-openonu-adapter-go_unit-test-tests",
        "url": "https://jenkins.lfbroadband.org/job/verify_voltha-openonu-adapter-go_unit-test-tests/",
        "buildable": true,
        "color": "blue",
        "disabled": false
      },
      {
        "_class": "hudson.model.FreeStyleProject",
        "name": "verify_voltha-protos_licensed",
        "url": "https://jenkins.lfbroadband.org/job/verify_voltha-protos_licensed/",
        "buildable": true,
        "color": "blue",
        "disabled": false
      },
      {
        "_class": "hudson.model.FreeStyleProject",
        "name": "verify_voltha-protos_unit-test",
        "url": "https://jenkins.lfbroadband.org/job/verify_voltha-protos_unit-test/",
        "buildable": true,
        "color": "red",
        "disabled": false
      },
      {
        "_class": "hudson.model.FreeStyleProject",
        "name": "verify_voltha-system-tests_licensed",
        "url": "https://jenkins.lfbroadband.org/job/verify_voltha-system-tests_licensed/",
        "buildable": true,
        "color": "blue",
        "disabled": false
      },
      {
        "_class": "org.jenkinsci.plugins.workflow.job.WorkflowJob",
        "name": "verify_voltha-system-tests_sanity-test",
        "url": "https://jenkins.lfbroadband.org/job/verify_voltha-system-tests_sanity-test/",
        "buildable": true,
        "color": "blue"
      },
      {
        "_class": "org.jenkinsci.plugins.workflow.job.WorkflowJob",
        "name": "verify_voltha-system-tests_sanity-test-py312",
        "url": "https://jenkins.lfbroadband.org/job/verify_voltha-system-tests_sanity-test-py312/",
        "buildable": true,
        "color": "notbuilt"
      },
      {
        "_class": "org.jenkinsci.plugins.workflow.job.WorkflowJob",
        "name": "verify_voltha-system-tests_sanity-test-voltha-2.14",
        "url": "https://jenkins.lfbroadband.org/job/verify_voltha-system-tests_sanity-test-voltha-2.14/",
        "buildable": true,
        "color": "notbuilt"
      },
      {
        "_class": "hudson.model.FreeStyleProject",
        "name": "verify_voltha-system-tests_unit-test",
        "url": "https://jenkins.lfbroadband.org/job/verify_voltha-system-tests_unit-test/",
        "buildable": true,
        "color": "blue",
        "disabled": false
      },
      {
        "_class": "hudson.model.FreeStyleProject",
        "name": "version-tag_voltha-docs",
        "url": "https://jenkins.lfbroadband.org/job/version-tag_voltha-docs/",
        "buildable": true,
        "color": "blue",
        "disabled": false
      },
      {
        "_class": "hudson.model.FreeStyleProject",
        "name": "version-tag_voltha-helm-charts",
        "url": "https://jenkins.lfbroadband.org/job/version-tag_voltha-helm-charts/",
        "buildable": true,
        "color": "blue",
        "disabled": false
      },
      {
        "_class": "hudson.model.FreeStyleProject",
        "name": "version-tag_wildcard",
        "url": "https://jenkins.lfbroadband.org/job/version-tag_wildcard/",
        "buildable": true,
        "color": "blue",
        "disabled": false
      },
      {
        "_class": "org.jenkinsci.plugins.workflow.job.WorkflowJob",
        "name": "voltha-scale-measurements-2.14-10-stacks-2-16-32-dt-subscribers",
        "url": "https://jenkins.lfbroadband.org/job/voltha-scale-measurements-2.14-10-stacks-2-16-32-dt-subscribers/",
        "buildable": false,
        "color": "disabled"
      },
      {
        "_class": "org.jenkinsci.plugins.workflow.job.WorkflowJob",
        "name": "voltha-scale-measurements-2.14-10-stacks-2-16-32-tt-subscribers",
        "url": "https://jenkins.lfbroadband.org/job/voltha-scale-measurements-2.14-10-stacks-2-16-32-tt-subscribers/",
        "buildable": false,
        "color": "disabled"
      },
      {
        "_class": "org.jenkinsci.plugins.workflow.job.WorkflowJob",
        "name": "voltha-scale-measurements-lwc-dt-256",
        "url": "https://jenkins.lfbroadband.org/job/voltha-scale-measurements-lwc-dt-256/",
        "buildable": false,
        "color": "disabled"
      },
      {
        "_class": "org.jenkinsci.plugins.workflow.job.WorkflowJob",
        "name": "voltha-scale-measurements-lwc-dt-512",
        "url": "https://jenkins.lfbroadband.org/job/voltha-scale-measurements-lwc-dt-512/",
        "buildable": false,
        "color": "disabled"
      },
      {
        "_class": "org.jenkinsci.plugins.workflow.job.WorkflowJob",
        "name": "voltha-scale-measurements-master-1-64-63-dt-subscribers",
        "url": "https://jenkins.lfbroadband.org/job/voltha-scale-measurements-master-1-64-63-dt-subscribers/",
        "buildable": false,
        "color": "disabled"
      },
      {
        "_class": "org.jenkinsci.plugins.workflow.job.WorkflowJob",
        "name": "voltha-scale-measurements-master-1-64-63-tt-subscribers",
        "url": "https://jenkins.lfbroadband.org/job/voltha-scale-measurements-master-1-64-63-tt-subscribers/",
        "buildable": false,
        "color": "disabled"
      },
      {
        "_class": "org.jenkinsci.plugins.workflow.job.WorkflowJob",
        "name": "voltha-scale-measurements-master-10-stacks-2-16-32-att-subscribers",
        "url": "https://jenkins.lfbroadband.org/job/voltha-scale-measurements-master-10-stacks-2-16-32-att-subscribers/",
        "buildable": false,
        "color": "disabled"
      },
      {
        "_class": "org.jenkinsci.plugins.workflow.job.WorkflowJob",
        "name": "voltha-scale-measurements-master-10-stacks-2-16-32-dt-subscribers",
        "url": "https://jenkins.lfbroadband.org/job/voltha-scale-measurements-master-10-stacks-2-16-32-dt-subscribers/",
        "buildable": false,
        "color": "disabled"
      },
      {
        "_class": "org.jenkinsci.plugins.workflow.job.WorkflowJob",
        "name": "voltha-scale-measurements-master-10-stacks-2-16-32-tt-subscribers",
        "url": "https://jenkins.lfbroadband.org/job/voltha-scale-measurements-master-10-stacks-2-16-32-tt-subscribers/",
        "buildable": false,
        "color": "disabled"
      },
      {
        "_class": "org.jenkinsci.plugins.workflow.job.WorkflowJob",
        "name": "voltha-scale-measurements-master-2-16-32-att-subscribers",
        "url": "https://jenkins.lfbroadband.org/job/voltha-scale-measurements-master-2-16-32-att-subscribers/",
        "buildable": false,
        "color": "disabled"
      },
      {
        "_class": "org.jenkinsci.plugins.workflow.job.WorkflowJob",
        "name": "voltha-scale-measurements-master-2-16-32-dt-subscribers",
        "url": "https://jenkins.lfbroadband.org/job/voltha-scale-measurements-master-2-16-32-dt-subscribers/",
        "buildable": false,
        "color": "disabled"
      },
      {
        "_class": "org.jenkinsci.plugins.workflow.job.WorkflowJob",
        "name": "voltha-scale-measurements-master-2-16-32-tt-subscribers",
        "url": "https://jenkins.lfbroadband.org/job/voltha-scale-measurements-master-2-16-32-tt-subscribers/",
        "buildable": false,
        "color": "disabled"
      },
      {
        "_class": "org.jenkinsci.plugins.workflow.job.WorkflowJob",
        "name": "voltha-scale-measurements-master-2-16-32-tt-subscribers-maclearner",
        "url": "https://jenkins.lfbroadband.org/job/voltha-scale-measurements-master-2-16-32-tt-subscribers-maclearner/",
        "buildable": false,
        "color": "disabled"
      },
      {
        "_class": "org.jenkinsci.plugins.workflow.job.WorkflowJob",
        "name": "voltha-scale-measurements-master-2-64-32-dt-subscribers",
        "url": "https://jenkins.lfbroadband.org/job/voltha-scale-measurements-master-2-64-32-dt-subscribers/",
        "buildable": false,
        "color": "disabled"
      },
      {
        "_class": "org.jenkinsci.plugins.workflow.job.WorkflowJob",
        "name": "voltha-scale-measurements-master-experimental",
        "url": "https://jenkins.lfbroadband.org/job/voltha-scale-measurements-master-experimental/",
        "buildable": false,
        "color": "disabled"
      },
      {
        "_class": "org.jenkinsci.plugins.workflow.job.WorkflowJob",
        "name": "voltha-scale-measurements-master-experimental-multi-stack",
        "url": "https://jenkins.lfbroadband.org/job/voltha-scale-measurements-master-experimental-multi-stack/",
        "buildable": false,
        "color": "disabled"
      },
      {
        "_class": "org.jenkinsci.plugins.workflow.job.WorkflowJob",
        "name": "voltha-scale-measurements-master-onu-upgrade-2-16-32-att-onus",
        "url": "https://jenkins.lfbroadband.org/job/voltha-scale-measurements-master-onu-upgrade-2-16-32-att-onus/",
        "buildable": false,
        "color": "disabled"
      },
      {
        "_class": "org.jenkinsci.plugins.workflow.job.WorkflowJob",
        "name": "voltha-scale-measurements-patchset-1-16-32-att-subscribers",
        "url": "https://jenkins.lfbroadband.org/job/voltha-scale-measurements-patchset-1-16-32-att-subscribers/",
        "buildable": false,
        "color": "disabled"
      },
      {
        "_class": "org.jenkinsci.plugins.workflow.job.WorkflowJob",
        "name": "voltha-scale-measurements-patchset-1-16-32-dt-subscribers",
        "url": "https://jenkins.lfbroadband.org/job/voltha-scale-measurements-patchset-1-16-32-dt-subscribers/",
        "buildable": false,
        "color": "disabled"
      },
      {
        "_class": "org.jenkinsci.plugins.workflow.job.WorkflowJob",
        "name": "voltha-scale-measurements-patchset-1-16-32-tt-subscribers",
        "url": "https://jenkins.lfbroadband.org/job/voltha-scale-measurements-patchset-1-16-32-tt-subscribers/",
        "buildable": false,
        "color": "disabled"
      },
      {
        "_class": "org.jenkinsci.plugins.workflow.job.WorkflowJob",
        "name": "voltha-scale-measurements-voltha-2.14-2-16-32-dt-subscribers",
        "url": "https://jenkins.lfbroadband.org/job/voltha-scale-measurements-voltha-2.14-2-16-32-dt-subscribers/",
        "buildable": false,
        "color": "disabled"
      },
      {
        "_class": "org.jenkinsci.plugins.workflow.job.WorkflowJob",
        "name": "voltha-scale-measurements-voltha-2.14-2-16-32-tt-subscribers",
        "url": "https://jenkins.lfbroadband.org/job/voltha-scale-measurements-voltha-2.14-2-16-32-tt-subscribers/",
        "buildable": false,
        "color": "disabled"
      }
    ]
  },
  "orphaned_jenkins_jobs": {
    "total_orphaned_jobs": 22,
    "by_state": {
      "READ_ONLY": 22
    },
    "jobs": {
      "voltha-scale-measurements-2.14-10-stacks-2-16-32-dt-subscribers": {
        "project_name": "voltha",
        "state": "READ_ONLY",
        "score": 575
      },
      "voltha-scale-measurements-patchset-1-16-32-tt-subscribers": {
        "project_name": "voltha",
        "state": "READ_ONLY",
        "score": 575
      },
      "voltha-scale-measurements-master-2-16-32-dt-subscribers": {
        "project_name": "voltha",
        "state": "READ_ONLY",
        "score": 575
      },
      "voltha-scale-measurements-master-10-stacks-2-16-32-dt-subscribers": {
        "project_name": "voltha",
        "state": "READ_ONLY",
        "score": 575
      },
      "voltha-scale-measurements-master-1-64-63-dt-subscribers": {
        "project_name": "voltha",
        "state": "READ_ONLY",
        "score": 575
      },
      "voltha-scale-measurements-lwc-dt-256": {
        "project_name": "voltha",
        "state": "READ_ONLY",
        "score": 575
      },
      "voltha-scale-measurements-master-2-16-32-att-subscribers": {
        "project_name": "voltha",
        "state": "READ_ONLY",
        "score": 575
      },
      "voltha-scale-measurements-master-1-64-63-tt-subscribers": {
        "project_name": "voltha",
        "state": "READ_ONLY",
        "score": 575
      },
      "voltha-scale-measurements-patchset-1-16-32-att-subscribers": {
        "project_name": "voltha",
        "state": "READ_ONLY",
        "score": 575
      },
      "voltha-scale-measurements-master-10-stacks-2-16-32-att-subscribers": {
        "project_name": "voltha",
        "state": "READ_ONLY",
        "score": 575
      },
      "voltha-scale-measurements-master-2-16-32-tt-subscribers": {
        "project_name": "voltha",
        "state": "READ_ONLY",
        "score": 575
      },
      "voltha-scale-measurements-2.14-10-stacks-2-16-32-tt-subscribers": {
        "project_name": "voltha",
        "state": "READ_ONLY",
        "score": 575
      },
      "voltha-scale-measurements-master-experimental": {
        "project_name": "voltha",
        "state": "READ_ONLY",
        "score": 575
      },
      "voltha-scale-measurements-voltha-2.14-2-16-32-tt-subscribers": {
        "project_name": "voltha",
        "state": "READ_ONLY",
        "score": 575
      },
      "voltha-scale-measurements-master-2-16-32-tt-subscribers-maclearner": {
        "project_name": "voltha",
        "state": "READ_ONLY",
        "score": 575
      },
      "voltha-scale-measurements-master-onu-upgrade-2-16-32-att-onus": {
        "project_name": "voltha",
        "state": "READ_ONLY",
        "score": 575
      },
      "voltha-scale-measurements-master-2-64-32-dt-subscribers": {
        "project_name": "voltha",
        "state": "READ_ONLY",
        "score": 575
      },
      "voltha-scale-measurements-master-10-stacks-2-16-32-tt-subscribers": {
        "project_name": "voltha",
        "state": "READ_ONLY",
        "score": 575
      },
      "voltha-scale-measurements-voltha-2.14-2-16-32-dt-subscribers": {
        "project_name": "voltha",
        "state": "READ_ONLY",
        "score": 575
      },
      "voltha-scale-measurements-lwc-dt-512": {
        "project_name": "voltha",
        "state": "READ_ONLY",
        "score": 575
      },
      "voltha-scale-measurements-master-experimental-multi-stack": {
        "project_name": "voltha",
        "state": "READ_ONLY",
        "score": 575
      },
      "voltha-scale-measurements-patchset-1-16-32-dt-subscribers": {
        "project_name": "voltha",
        "state": "READ_ONLY",
        "score": 575
      }
    }
  }
}